{"modelTopology":{"class_name":"Sequential","config":{"name":"sequential_2","layers":[{"class_name":"Dense","config":{"units":64,"activation":"relu","use_bias":true,"kernel_initializer":{"class_name":"VarianceScaling","config":{"scale":1,"mode":"fan_avg","distribution":"normal","seed":null}},"bias_initializer":{"class_name":"Zeros","config":{}},"kernel_regularizer":null,"bias_regularizer":null,"activity_regularizer":null,"kernel_constraint":null,"bias_constraint":null,"name":"dense_Dense3","trainable":true,"batch_input_shape":[null,3],"dtype":"float32"}},{"class_name":"Dense","config":{"units":1,"activation":"linear","use_bias":true,"kernel_initializer":{"class_name":"VarianceScaling","config":{"scale":1,"mode":"fan_avg","distribution":"normal","seed":null}},"bias_initializer":{"class_name":"Zeros","config":{}},"kernel_regularizer":null,"bias_regularizer":null,"activity_regularizer":null,"kernel_constraint":null,"bias_constraint":null,"name":"dense_Dense4","trainable":true}}]},"keras_version":"tfjs-layers 4.6.0","backend":"tensor_flow.js"},"weightsManifest":[{"paths":["weights.bin"],"weights":[{"name":"dense_Dense3/kernel","shape":[3,64],"dtype":"float32"},{"name":"dense_Dense3/bias","shape":[64],"dtype":"float32"},{"name":"dense_Dense4/kernel","shape":[64,1],"dtype":"float32"},{"name":"dense_Dense4/bias","shape":[1],"dtype":"float32"}]}],"format":"layers-model","generatedBy":"TensorFlow.js tfjs-layers v4.6.0","convertedBy":null}